input,tau1,tau90,tau180,tau365,tau730
gnss,0.26795580110497236,0.4502305606834174,0.5961283357881929,0.44020637898686676,0.4886303939962477
stats,0.6729972375690607,0.4929982157615454,0.4405481808118419,0.2722138836772983,0.015365853658536589
all,0.5139848066298343,0.3862914874060571,0.5359217616438106,0.7060037523452157,0.5420825515947467
