input,tau1,tau90,tau180,tau365,tau730
gnss,0.7547528323934358,0.9996964154327871,0.9996837193183381,0.9999901490255416,0.9999976105026207
stats,0.7684092872021542,0.9123291979601672,0.9059332118706562,0.9061576940238548,0.8979771395528093
all,0.6912767362698775,0.9996480032758893,0.9994568018103953,0.9999873344614107,0.9999992454218802
