input,tau1,tau90,tau180,tau365,tau730
gnss,0.5331491712707181,0.384066982319819,0.598726522546589,0.8691369606003752,0.7330581613508442
stats,0.49861878453038677,0.4252434983432072,0.5079729569012048,0.49559099437148213,0.5057598499061914
all,0.6422651933701657,0.7821761529965165,0.7199538913335835,0.4845966228893057,0.4632270168855534
